I,Ip,theta,theta_p,theta_pp,u_a
0,254.4529262,0,0,0,1
0.004107429,248.8594276,1.13E-09,2.44E-04,46.97642181,1
0.007496533,244.2398421,8.57E-09,9.80E-04,85.25104628,1
0.010740484,239.8136204,2.48E-08,2.24E-03,121.3786953,1
0.013339625,236.2578861,6.36E-08,4.41E-03,149.2707915,1
0.018796503,228.8153599,1.25E-07,6.15E-03,210.3978385,1
0.018959437,228.5683418,2.34E-07,9.29E-03,209.4196208,1
0.026792537,217.8734628,3.70E-07,0.013203021,295.867866,1
0.030951212,212.1873424,5.26E-07,0.016289884,340.8485768,1
0.031162459,211.8880709,7.31E-07,0.017744398,341.9537182,1
0.038252277,202.1761006,8.66E-07,0.025260772,416.589105,1
0.040604434,198.9583486,1.31E-06,0.027214114,441.8417603,1
0.034350745,207.417822,1.56E-06,0.033907378,363.8963996,1
0.048239206,188.4730902,2.06E-06,0.038639358,519.1856414,1
0.050324251,185.6070969,2.97E-06,0.042068586,540.0272217,1
0.04842396,188.1053192,3.27E-06,0.053098456,508.1639952,1
0.051894665,183.4020372,4.22E-06,0.050428353,550.4729213,1
0.056561242,176.9855134,4.11E-06,0.058363588,596.8822788,1
0.064511418,166.0208784,5.43E-06,0.076008211,672.1964704,1
0.060042236,172.1261068,6.40E-06,0.073368353,623.2413675,1
0.062157523,169.0793934,7.55E-06,0.094152986,628.6528252,1
0.065496185,164.5307355,9.24E-06,0.094608255,666.6032008,1
0.065145589,164.8560822,9.44E-06,0.113503008,645.3974894,1
0.071339997,156.4508583,1.22E-05,0.110099506,719.6709564,1
0.070691757,157.3565071,1.26E-05,0.107216057,714.8434098,1
0.084612105,138.220093,1.48E-05,0.13038836,853.7351349,1
0.075941598,149.8774689,1.65E-05,0.14854427,737.5977509,1
0.071141467,156.4266362,1.76E-05,0.146723799,684.0948559,1
0.077066295,148.1571581,1.79E-05,0.172078862,729.1264571,1
0.090274248,130.2205605,1.90E-05,0.16664458,885.8381085,1
0.090130475,130.2310926,2.00E-05,0.189676061,863.2483143,1
0.099320818,117.8189815,2.76E-05,0.177374297,980.0371262,1
0.093222032,125.8407036,2.76E-05,0.212283595,878.2208133,1
0.096365761,121.7860839,3.42E-05,0.184299651,939.7850617,1
0.098821613,118.3894023,3.58E-05,0.190949918,961.959341,1
0.083480098,139.081255,3.95E-05,0.214941196,763.8611339,1
0.097560325,119.9510731,3.99E-05,0.210270305,929.9020073,1
0.093522423,124.9762756,4.62E-05,0.268932657,830.1734311,1
0.092809627,125.99081,4.56E-05,0.263437127,826.9786868,1
0.115630904,94.59473321,5.48E-05,0.304346964,1052.025143,1
0.108218481,104.6075342,5.42E-05,0.314035275,958.0421186,1
0.102064074,113.3093503,6.07E-05,0.273780235,923.9178769,1
0.096977788,119.6582065,5.43E-05,0.34531905,800.4365378,1
0.119847087,88.38787544,5.68E-05,0.362459884,1047.643,1
0.122988485,84.17337685,6.98E-05,0.354754327,1090.745561,1
0.101360618,113.8761665,6.38E-05,0.322384852,871.6485043,1
0.109982255,102.1780161,7.02E-05,0.317573751,975.0926883,1
0.125595774,80.38612253,7.09E-05,0.384340066,1093.809564,1
0.133659474,69.18822429,8.19E-05,0.411775159,1161.527806,1
0.105313385,108.3108719,7.82E-05,0.345305833,896.2321375,1
0.139189982,61.37454504,9.82E-05,0.447203541,1192.870761,1
0.131854347,71.49912316,8.89E-05,0.4299901,1124.226228,1
0.113955759,95.9888058,1.10E-04,0.414578583,932.565645,1
0.132612166,70.33258757,1.04E-04,0.446767173,1117.682369,1
0.128215746,75.76933496,1.02E-04,0.514945372,1005.183322,1
0.13281322,69.29723898,1.19E-04,0.541491281,1033.879835,1
0.117412091,91.04276151,1.21E-04,0.444533564,945.0502419,1
0.118576109,88.73410427,1.38E-04,0.534581938,876.5637044,1
0.128669324,74.84452244,1.52E-04,0.553169044,975.6465595,1
0.143255402,54.93921186,1.55E-04,0.559256228,1137.720048,1
0.135806604,64.64605393,1.64E-04,0.613154279,1003.128363,1
0.157427618,35.70959091,1.71E-04,0.551378131,1307.733606,1
0.126960329,76.59703468,1.79E-04,0.624553655,891.1135449,1
0.135553434,65.72472782,1.79E-04,0.521865431,1083.209068,1
0.127651068,75.23915197,1.96E-04,0.676484714,851.8407188,1
0.149863759,45.41309823,2.06E-04,0.625171309,1153.733277,1
0.139417914,58.9851553,1.78E-04,0.705775345,960.4246226,1
0.128022031,75.68361828,1.80E-04,0.55840235,963.4510199,1
0.133246249,68.10369972,2.23E-04,0.616614855,970.561572,1
0.145127429,51.73526955,2.06E-04,0.640779919,1085.118894,1
0.155581584,36.54983955,2.15E-04,0.759419535,1097.39244,1
0.157185744,35.18822291,2.25E-04,0.657169342,1208.780425,1
0.153284602,40.13227268,2.47E-04,0.702770422,1122.49723,1
0.140285784,57.96862289,2.32E-04,0.685264876,989.0431165,1
0.172085988,14.56354879,2.95E-04,0.699532264,1341.486018,1
0.135184726,65.04153691,2.77E-04,0.669255648,944.9811658,1
0.133964926,66.13181827,2.98E-04,0.740177268,866.490357,1
0.157112529,34.33714951,2.68E-04,0.775410494,1100.447158,1
0.152663968,40.41775108,3.05E-04,0.772342121,1052.118574,1
0.176116649,7.726552552,2.68E-04,0.867423258,1235.173808,1
0.17683517,8.004833456,3.16E-04,0.711165903,1385.48241,1
0.141653329,55.71620265,3.43E-04,0.733861233,960.5789471,1
0.145834038,49.1499785,3.50E-04,0.8426735,909.6988522,1
0.150333063,42.03552147,3.08E-04,0.965775661,849.4856925,1
0.172762083,12.09748271,3.47E-04,0.891764214,1174.498649,1
0.149140165,45.16774738,3.48E-04,0.77819203,1006.308782,1
0.16958867,16.37143948,3.73E-04,0.897495448,1132.823042,1
0.174454856,9.452465912,3.62E-04,0.934124348,1155.440938,1
0.162587657,26.05218042,3.87E-04,0.87882812,1069.345326,1
0.188179748,-9.680275486,3.78E-04,0.989931419,1262.418719,1
0.171727793,13.20135855,4.45E-04,0.929587562,1128.228859,1
0.160467471,27.89987644,4.34E-04,1.007990927,927.561738,1
0.180175566,0.853822653,4.28E-04,1.034974637,1129.495017,1
0.147747319,45.91827767,5.23E-04,0.920664921,860.7829027,1
0.191146597,-13.80628305,4.23E-04,1.000772077,1286.655374,1
0.185325247,-6.169192521,5.00E-04,1.036545972,1187.241051,1
0.163686881,23.05127451,4.89E-04,1.065939156,911.8754735,1
0.193199997,-17.70156458,5.72E-04,1.137568455,1185.890465,1
0.155418799,33.76486835,4.94E-04,1.133338402,755.5956501,1
0.1530022,38.70649946,5.25E-04,0.927901415,914.5876354,1
0.178192193,3.709135279,4.79E-04,1.015660337,1124.26271,1
0.152062251,38.48795602,5.74E-04,1.11421799,734.4080598,1
0.163222114,23.42672701,5.76E-04,1.097932139,877.4503411,1
0.168244324,17.00736933,5.25E-04,1.046009603,982.3624152,1
0.165271958,19.56314245,5.98E-04,1.231388527,779.6809233,1
0.181755504,-1.835178912,6.61E-04,1.101908409,1086.801058,1
0.167062539,18.0624855,5.53E-04,1.114868656,906.1834853,1
0.192136103,-15.9149536,6.16E-04,1.095494262,1211.914613,1
0.153592375,34.93147721,7.01E-04,1.297471198,585.3967438,1
0.165316227,19.95966892,7.25E-04,1.174578747,831.8348711,1
0.19912516,-26.30262596,6.90E-04,1.204104855,1193.488335,1
0.179399202,1.826552428,6.64E-04,1.045440511,1111.059453,1
0.184693724,-7.724933576,7.36E-04,1.336948311,906.8912345,1
0.16962452,12.28175142,7.36E-04,1.400048558,676.3685232,1
0.171166698,10.82595873,6.76E-04,1.320004688,766.8567039,1
0.172247412,11.07765955,6.83E-04,1.105732323,974.0681543,1
0.17220763,9.709057653,8.25E-04,1.282676717,812.7524753,1
0.173190933,9.016751757,8.91E-04,1.202299839,897.1214115,1
0.193105241,-18.60390045,7.61E-04,1.265831888,1068.198511,1
0.16458365,19.83528619,7.45E-04,1.314075939,696.6012664,1
0.192916249,-19.87548923,9.20E-04,1.455972797,893.1714464,1
0.188700828,-12.07905349,8.81E-04,1.200039637,1077.39893,1
0.172867861,8.303393183,8.99E-04,1.345715483,763.0311621,1
0.169915337,11.50933724,1.01E-03,1.44687499,637.1407952,1
0.160121077,25.94759606,9.37E-04,1.309436219,649.5401788,1
0.202513937,-33.6958129,8.71E-04,1.549841254,918.1226407,1
0.161167443,24.86221949,8.67E-04,1.267267553,699.8990295,1
0.18798626,-14.18123285,9.30E-04,1.582460629,721.5324483,1
0.196353601,-23.71237913,8.83E-04,1.351198946,1027.918697,1
0.189973928,-15.37906567,1.10E-03,1.394911734,914.8715657,1
0.20218261,-31.73198315,8.70E-04,1.361700257,1085.352671,1
0.180036365,-2.762412508,9.87E-04,1.508282626,697.6154743,1
0.192582935,-18.44583049,9.10E-04,1.334601591,999.678828,1
0.17370613,6.445765537,1.21E-03,1.434821122,691.6585066,1
0.168113783,14.76519563,1.22E-03,1.346963389,707.2680232,1
0.195299535,-21.85194465,9.89E-04,1.29827936,1063.915244,1
0.204607412,-35.73408053,9.70E-04,1.448901312,1033.942162,1
0.194671395,-22.96616274,1.12E-03,1.543197951,834.0440769,1
0.207957367,-42.08736557,1.10E-03,1.671880781,869.7275807,1
0.203728076,-34.95384005,1.33E-03,1.500739989,976.7117219,1
0.204886069,-37.04395859,1.32E-03,1.564629357,931.936869,1
0.214888815,-51.95327816,1.05E-03,1.725355216,900.7630919,1
0.204552427,-37.22744166,1.39E-03,1.643935465,856.0065577,1
0.175537237,2.655185689,1.10E-03,1.596231167,565.9631838,1
0.17098341,7.768731078,1.36E-03,1.731254597,390.887001,1
0.176079009,1.45771199,1.30E-03,1.653433414,520.1865947,1
0.217096165,-55.19008298,1.35E-03,1.754194422,899.9100931,1
0.202192512,-33.88809854,1.19E-03,1.628173615,843.2179459,1
0.190447026,-16.34855152,1.40E-03,1.435386703,883.5124565,1
0.183297213,-6.92996531,1.33E-03,1.474514982,765.7834471,1
0.212098682,-48.0548456,1.32E-03,1.71289849,880.0262321,1
0.172722019,5.616558905,1.56E-03,1.704560748,435.1323432,1
0.191183585,-20.76748087,1.50E-03,1.860253736,505.7334395,1
0.176782295,1.426428034,1.61E-03,1.538255024,632.9756241,1
0.204235881,-36.51257237,1.64E-03,1.608621763,884.4725175,1
0.206713091,-41.98889003,1.32E-03,1.870294406,675.05369,1
0.185376122,-10.18994521,1.34E-03,1.527982066,741.0655574,1
0.196305771,-27.44663031,1.33E-03,1.823714554,597.8094523,1
0.191459773,-20.16848202,1.41E-03,1.738998411,619.139198,1
0.176636088,1.655184506,1.69E-03,1.534558616,634.6559462,1
0.205151762,-38.02388328,1.74E-03,1.641516962,865.0920967,1
0.191053243,-20.69673513,1.60E-03,1.873522821,492.1728774,1
0.204568243,-38.61194564,1.43E-03,1.813444481,702.0891934,1
0.184986246,-13.07511102,1.47E-03,1.952809115,350.3791273,1
0.218918753,-55.88640284,1.82E-03,1.53222269,1122.645765,1
0.22079674,-60.36813848,1.54E-03,1.771652751,926.5618538,1
0.17002869,6.912799044,1.85E-03,1.999342084,136.2005036,1
0.177511665,-1.381815608,1.73E-03,1.764023005,436.1131288,1
0.180977887,-5.429573288,1.64E-03,1.680586339,551.7946831,1
0.21970771,-58.71364876,2.00E-03,1.750265458,933.4909114,1
0.222922169,-64.08824133,2.03E-03,1.874467938,857.516611,1
0.223981471,-65.66503083,1.86E-03,1.891224735,854.455507,1
0.218213716,-57.09364657,1.86E-03,1.801729507,869.5380537,1
0.187418646,-16.36718943,1.92E-03,1.950420867,380.5007422,1
0.171703672,6.21943739,1.63E-03,1.801992551,334.8562418,1
0.205741359,-38.5838224,2.12E-03,1.611333919,899.3062341,1
0.17909623,-3.796696472,2.04E-03,1.796081904,425.1767631,1
0.219431809,-57.86934606,1.82E-03,1.691973205,983.3135066,1
0.183182436,-10.24966357,1.93E-03,1.90680845,371.4704881,1
0.188436743,-18.30031357,1.81E-03,2.018470129,330.3366409,1
0.184515103,-10.93957218,1.86E-03,1.766984701,513.896549,1
0.196548036,-26.13136198,2.05E-03,1.61912223,786.5863088,1
0.21872385,-57.16098324,2.19E-03,1.72373621,946.302963,1
0.195015637,-24.35970369,2.17E-03,1.658227183,733.4276956,1
0.183172383,-11.22208899,2.24E-03,2.029448149,259.8643366,1
0.183109186,-9.647930046,1.86E-03,1.84437408,427.3872985,1
0.201124113,-34.44568645,1.87E-03,1.878403197,603.4596328,1
0.228341529,-72.85371171,2.32E-03,2.04708558,762.8648655,1
0.22566245,-67.21624191,2.17E-03,1.79954827,957.1137214,1
0.224702586,-66.32146007,2.16E-03,1.850775441,899.5138584,1
0.177270128,-2.089575761,2.51E-03,1.892938307,316.1419137,1
0.186601025,-17.006163,2.02E-03,2.168314532,173.02038,1
0.226426752,-70.93244372,2.03E-03,2.132322192,663.3745017,1
0.172589261,4.348227352,2.48E-03,1.884776017,269.7747607,1
0.178285743,-2.053098497,2.37E-03,1.716454193,488.2523611,1
0.201992298,-35.18319782,2.57E-03,1.823138425,663.6765628,1
0.205428794,-40.80691693,2.07E-03,1.940732217,596.2615759,1
0.206158259,-40.54394612,2.37E-03,1.784525951,746.6494988,1
0.184364403,-12.12109639,2.49E-03,1.939441594,355.3858688,1
0.221439979,-61.60511125,2.53E-03,1.816588566,893.1025191,1
0.213979673,-51.60792863,2.76E-03,1.836326199,789.4335181,1
0.192691149,-25.73118773,2.38E-03,2.222339301,193.8880176,1
0.220907418,-64.71821462,2.34E-03,2.29392074,453.0445701,1
0.192117024,-24.68092218,2.80E-03,2.188922268,217.6699278,1
0.207439488,-44.28287909,2.80E-03,2.032609372,535.841592,1
0.211461163,-49.35329805,2.52E-03,1.98231777,627.7739318,1
0.211545212,-50.85003932,2.79E-03,2.154233168,472.4530153,1
0.199810939,-33.61263963,2.77E-03,1.997124954,480.4411988,1
0.201795641,-38.20605744,2.58E-03,2.232377418,289.381349,1
0.213380993,-51.31848708,2.87E-03,1.9016881,723.1342242,1
0.228821498,-73.00394409,2.67E-03,1.984509002,825.2679419,1
0.22651218,-71.76149688,2.81E-03,2.220965869,583.7709842,1
0.223599633,-66.82889265,2.47E-03,2.100617494,659.7107857,1
0.201700026,-36.51275125,3.10E-03,2.037973824,465.0131874,1
0.202418432,-37.49226276,2.66E-03,2.038163892,473.0955405,1
0.2285249,-71.11644736,2.69E-03,1.799981752,989.6118033,1
0.205479737,-41.90251899,2.68E-03,2.068364094,480.8179863,1
0.2275168,-71.89875414,3.01E-03,2.067950164,734.4201677,1
0.18562896,-13.98254589,2.62E-03,1.956850244,354.0907401,1
0.222306963,-64.12685093,3.18E-03,1.983426413,751.3941759,1
0.218215222,-59.64961736,3.28E-03,2.119353095,580.8066477,1
0.182138739,-9.500158253,3.12E-03,1.990296533,283.5792022,1
0.176078961,-1.483506401,3.25E-03,2.019232227,187.6416733,1
0.197384843,-31.18566557,3.00E-03,2.10603656,353.5525964,1
0.183914387,-12.40121965,3.24E-03,2.050469012,249.280768,1
0.230650248,-74.40642088,2.95E-03,1.84931665,969.1840796,1
0.201766148,-36.60228305,3.15E-03,2.037913896,465.8274711,1
0.230079888,-75.48797833,3.44E-03,2.080391006,752.5625218,1
0.203619708,-42.28238673,3.13E-03,2.43051722,130.2144399,1
0.200435784,-34.80250538,3.51E-03,2.039316581,449.2652037,1
0.189358167,-19.15812329,2.94E-03,1.969152812,385.7585673,1
0.219518476,-60.72455293,3.46E-03,2.032393816,674.8361139,1
0.201563792,-35.34023545,3.78E-03,1.915216317,575.0454721,1
0.193802316,-27.9177265,3.05E-03,2.306147989,130.4666186,1
0.191832218,-24.96022316,3.77E-03,2.271876936,138.9839072,1
0.187937341,-17.50644028,3.07E-03,2.004289057,337.4899431,1
0.19658214,-31.95791711,3.59E-03,2.337979993,133.4711373,1
0.21433749,-54.80750339,3.09E-03,2.17366818,486.8706357,1
0.189034835,-22.20282368,3.54E-03,2.402554726,-11.95855508,1
0.194186568,-27.52358509,3.83E-03,2.192074304,238.5853832,1
0.224775084,-70.53303959,3.08E-03,2.362283167,435.3399001,1
0.178362837,-8.435344928,4.02E-03,2.497143198,-220.5790294,1
0.212464532,-54.04173584,3.11E-03,2.395530883,263.655274,1
0.215050949,-58.4420525,3.30E-03,2.504895224,193.9534286,1
0.193626426,-25.26967154,4.05E-03,2.006595831,400.7656348,1
0.181830339,-9.427268396,3.86E-03,2.033444726,240.8097759,1
0.218908941,-63.24004375,4.23E-03,2.448434661,289.6130534,1
0.224704526,-69.76613057,4.00E-03,2.278850632,510.3768861,1
0.211977221,-49.96569891,3.26E-03,1.971109639,643.8931219,1
0.226930848,-73.75824192,3.37E-03,2.398413101,427.2661979,1
0.230984997,-79.3514132,3.43E-03,2.407636668,465.4669975,1
0.21320534,-56.30299598,3.49E-03,2.551335691,130.5270908,1
0.201524195,-38.36418501,3.93E-03,2.298000181,226.6051267,1
0.194009707,-28.45664096,3.80E-03,2.338059086,103.839645,1
0.230542968,-78.49385414,4.38E-03,2.375821847,489.3102394,1
0.187057065,-15.95412795,3.51E-03,1.960266692,367.3950943,1
0.197822071,-31.2828149,3.60E-03,2.044094406,414.8877911,1
0.210516382,-50.58637717,4.28E-03,2.295627201,332.0907867,1
0.179146811,-8.760372789,3.89E-03,2.404836334,-127.6551341,1
0.176780858,-1.998707474,4.59E-03,1.964472514,245.488662,1
0.175664383,-1.209443182,4.09E-03,2.055337366,150.0549447,1
0.21076048,-50.69761086,4.58E-03,2.268134292,359.8892485,1
0.181696779,-12.59047954,4.25E-03,2.449456233,-138.917224,1
0.205422665,-42.89821357,3.61E-03,2.201858226,358.8038763,1
0.192020832,-26.28104075,3.98E-03,2.404210148,20.84833095,1
0.232483225,-78.99680893,4.42E-03,2.10987995,753.3709197,1
0.189836768,-20.87706717,4.67E-03,2.101903949,270.5752718,1
0.224116523,-67.41427649,4.75E-03,2.085908556,679.0220822,1
0.218976015,-63.48708789,3.74E-03,2.467802995,272.7762148,1
0.232224615,-79.75615319,4.58E-03,2.248100959,624.7437984,1
0.201976459,-37.80696156,4.36E-03,2.152129884,364.4114135,1
0.18055001,-10.1173883,3.87E-03,2.336037505,-48.98671303,1
0.177435693,-3.656599645,4.54E-03,2.059793687,166.3576988,1
0.203068723,-40.22224744,4.56E-03,2.267587515,272.0010376,1
0.200817775,-39.74466612,4.25E-03,2.589286149,-46.31770463,1
0.198661484,-35.75818735,4.92E-03,2.458567574,47.7396254,1
0.205352209,-41.52275777,5.10E-03,2.042725344,502.6605227,1
0.176694602,-7.35341916,5.12E-03,2.645025779,-374.1872773,1
0.217042243,-60.19672692,4.78E-03,2.385985315,324.9351259,1
0.211131243,-49.69815786,4.29E-03,2.081063615,534.2139063,1
0.176082702,-6.391701763,4.73E-03,2.629016858,-366.6650053,1
0.178916231,-10.15042888,4.22E-03,2.616751513,-322.9548625,1
0.20651977,-47.78468998,4.86E-03,2.623831054,-12.20105373,1
0.225586906,-71.64710055,4.31E-03,2.363391116,443.6612485,1
0.203751187,-40.404663,5.03E-03,2.174730158,364.2589552,1
0.231087691,-79.24599017,4.98E-03,2.377138984,494.3722148,1
0.211555407,-50.35558523,5.20E-03,2.091013308,530.0427644,1
0.211264743,-54.13367641,4.70E-03,2.61009405,54.81118637,1
0.218361268,-62.42083106,4.42E-03,2.439274695,291.6470336,1
0.184479086,-15.29370797,5.23E-03,2.31459373,15.65628893,1
0.178972564,-6.698671107,5.58E-03,2.177929163,76.62185719,1
0.179781566,-6.990216751,5.07E-03,2.077220612,177.4712613,1
0.178741174,-9.864970571,4.82E-03,2.610887804,-319.6357889,1
0.187029379,-20.19140629,5.11E-03,2.491931928,-116.2550697,1
0.197089679,-35.60782559,4.52E-03,2.705980207,-195.2424277,1
0.198530287,-34.99670587,5.33E-03,2.386076603,112.1329276,1
0.206226545,-46.32106892,5.00E-03,2.491448837,104.7769962,1
0.231685715,-80.93448815,5.83E-03,2.485884949,402.3840781,1
0.19427269,-31.00488182,5.37E-03,2.610452301,-140.7686334,1
0.221084474,-65.9316894,5.87E-03,2.414860796,345.1336006,1
0.1990604,-35.44752302,5.49E-03,2.352393218,148.8456706,1
0.22473026,-72.05020147,5.58E-03,2.558556948,256.3941289,1
0.203281191,-43.97095442,5.73E-03,2.697831582,-116.6884776,1
0.183654276,-12.89070614,5.62E-03,2.155382925,150.9155625,1
0.198666163,-36.68961151,5.22E-03,2.573613925,-56.79420197,1
0.182035152,-15.13905424,4.71E-03,2.709127133,-371.0934593,1
0.200956788,-35.96491898,5.92E-03,2.095674539,404.0175107,1
0.190764657,-26.91035996,4.71E-03,2.695151858,-258.0787195,1
0.220379489,-63.63912769,5.34E-03,2.249098334,487.7258212,1
0.200469368,-38.0527239,5.13E-03,2.43785079,87.34729487,1
0.176568904,-4.227208384,5.53E-03,2.277509301,-41.52577948,1
0.217492984,-60.24781438,6.21E-03,2.316026736,393.7132587,1
0.207708257,-46.41047865,5.79E-03,2.251709135,339.7483889,1
0.217741121,-59.43509656,5.18E-03,2.172940837,526.642669,1
0.182867719,-12.45608245,6.09E-03,2.234497107,69.95532585,1
0.232432481,-80.57127603,6.11E-03,2.314283031,566.9668397,1
0.203725272,-44.17183042,6.10E-03,2.647629358,-65.94719897,1
0.220912269,-63.75869602,5.34E-03,2.173766889,562.3310887,1
0.206017894,-45.39722766,5.14E-03,2.411878847,174.7157579,1
0.20390853,-42.89340588,5.27E-03,2.457609176,108.9042207,1
0.176279851,-4.489968681,6.35E-03,2.359125744,-119.0440235,1
0.208046659,-46.50985698,6.38E-03,2.206775684,384.4855342,1
0.189456501,-20.88051257,6.24E-03,2.166713175,207.2881746,1
0.183704721,-14.87840061,5.15E-03,2.394046124,-65.47131992,1
0.216298881,-57.0097447,6.43E-03,2.115483666,562.3038074,1
0.188999069,-20.37832195,5.84E-03,2.18170215,188.4055253,1
0.196197051,-33.9903638,5.59E-03,2.6559464,-160.0142493,1
0.178692097,-8.346721525,6.41E-03,2.430376478,-156.0985197,1
0.212473232,-52.0094574,6.93E-03,2.141309445,494.8656385,1
0.227201974,-77.16466465,6.91E-03,2.776157316,86.97785073,1
0.210694909,-52.99698151,5.70E-03,2.565201746,89.07445548,1
0.230973416,-76.84961823,5.32E-03,2.09845648,746.4068155,1
0.201824174,-42.44199692,6.74E-03,2.754358064,-184.8186358,1
0.211662635,-50.76185206,6.08E-03,2.123385507,501.8456347,1
0.226536032,-74.32154483,5.61E-03,2.535313353,298.2746243,1
0.192606957,-27.65976409,7.13E-03,2.4764447,-38.08432957,1
0.192106134,-28.09994565,6.21E-03,2.61598008,-170.6895893,1
0.214734878,-54.83615792,6.61E-03,2.109952578,549.3602585,1
0.187588752,-23.3735482,6.05E-03,2.792981671,-383.5089501,1
0.185269672,-17.72457795,6.22E-03,2.483064785,-128.4146668,1
0.177456283,-4.064843093,7.18E-03,2.107079753,123.6069654,1
0.18534065,-17.34960291,6.09E-03,2.42441332,-74.27954722,1
0.231234593,-79.45313123,6.92E-03,2.378029569,495.2506215,1
0.220949025,-65.17496791,6.95E-03,2.343681712,408.2854177,1
0.18815019,-23.94136837,5.90E-03,2.76854626,-354.8435089,1
0.174878751,-5.315432657,5.76E-03,2.698997945,-444.1186717,1
0.204117734,-44.21857816,6.18E-03,2.586997868,-6.317912797,1
0.229349833,-77.52408365,5.96E-03,2.457216594,401.6048092,1
0.208665522,-48.45292006,7.31E-03,2.343652876,267.1630247,1
0.207382522,-50.0243965,6.72E-03,2.75630966,-122.7223462,1
0.193001381,-25.91468687,6.35E-03,2.192637108,224.4548585,1
0.210541806,-50.69205023,6.05E-03,2.304464964,324.3486087,1
0.206544884,-45.78108655,7.02E-03,2.370396874,218.4822353,1
0.201634561,-38.40397683,6.62E-03,2.284263609,240.3611241,1
0.201659768,-37.49411097,7.47E-03,2.166838506,347.4008751,1
0.194996998,-28.97234131,7.73E-03,2.235043103,208.8354108,1
0.191467326,-26.17652763,7.20E-03,2.484922761,-58.88705417,1
0.221030186,-64.76635938,7.84E-03,2.279123382,467.9074228,1
0.200226476,-38.35468653,6.24E-03,2.516527593,13.03187477,1
0.181298116,-10.84886458,7.05E-03,2.300351867,-7.94880443,1
0.224771624,-73.29551905,7.61E-03,2.706430401,122.4390261,1
0.202935991,-39.7170679,8.05E-03,2.227231887,307.1627573,1
0.210340741,-53.31138806,7.01E-03,2.664265515,-5.053225301,1
0.227480956,-77.1729359,7.30E-03,2.72995326,132.1872952,1
0.175581675,-3.076546148,7.32E-03,2.301546291,-74.72173934,1
0.206823819,-48.5778784,6.90E-03,2.671000925,-51.58895406,1
0.187548621,-23.47587172,6.43E-03,2.812501679,-401.7155529,1
0.193132672,-31.19938056,7.03E-03,2.827651,-351.3218445,1
0.227762027,-72.885119,8.16E-03,2.149103605,663.4621953,1
0.187071395,-20.74307264,7.91E-03,2.553427557,-171.6773827,1
0.217693748,-63.39301823,6.42E-03,2.673196471,71.32046055,1
0.226428154,-73.36465607,8.18E-03,2.434571993,388.6180654,1
0.201674751,-40.70307103,7.46E-03,2.563390905,-12.92914108,1
0.181509935,-13.01714103,6.64E-03,2.534152293,-218.0606507,1
0.220356556,-66.2732307,7.59E-03,2.580576687,186.1183436,1
0.211167638,-51.66782624,6.96E-03,2.319863752,317.5410819,1
0.190576276,-26.69109543,7.82E-03,2.699776206,-264.4473421,1
0.218288345,-60.20030464,7.92E-03,2.175460431,530.6402312,1
0.231867575,-79.59028767,7.12E-03,2.28792095,584.4410935,1
0.224397944,-68.717081,6.93E-03,2.20028882,578.2738135,1
0.196179435,-29.87510966,7.60E-03,2.147126627,302.3467612,1
0.215042912,-56.97665607,8.01E-03,2.324008862,358.3032219,1
0.215457893,-60.3127012,6.99E-03,2.668645186,49.76598348,1
0.218113344,-63.42357827,6.74E-03,2.605957928,137.2679496,1
0.183639904,-13.64163226,7.81E-03,2.251206609,63.63797888,1
0.203461419,-40.95460386,7.12E-03,2.292183652,254.1533453,1
0.187327164,-23.21318505,8.66E-03,2.817325562,-408.6456404,1
0.19258814,-25.86723002,7.11E-03,2.256698224,161.468971,1
0.212964373,-58.14154495,6.84E-03,2.820787241,-117.1977891,1
0.222582065,-71.40109497,7.97E-03,2.841526996,-25.53608086,1
0.175115389,-1.439203687,8.72E-03,2.176858923,33.27235242,1
0.187642165,-21.97696035,6.98E-03,2.61024915,-216.7747169,1
0.178135035,-8.280265598,8.39E-03,2.516424209,-240.7248757,1
0.20741195,-45.30100907,7.16E-03,2.163893497,416.1759521,1
0.20436058,-45.05650058,9.19E-03,2.650093181,-60.88677334,1
0.179890133,-9.989875751,7.11E-03,2.431898758,-143.7158892,1
0.213423975,-56.01484207,7.79E-03,2.478482991,199.2691406,1
0.192057265,-25.19701266,7.82E-03,2.263224449,149.435799,1
0.182650989,-12.41828846,8.25E-03,2.266489962,38.38048909,1
0.188183389,-20.17193556,7.45E-03,2.294132156,76.82352652,1
0.176969815,-8.066950567,7.32E-03,2.687171006,-409.3386731,1
0.196303896,-31.42934305,9.12E-03,2.319350518,147.2097481,1
0.174618108,-4.109082092,7.48E-03,2.593095353,-350.8386034,1
0.182410551,-12.02880301,8.65E-03,2.258757861,42.64682068,1
0.184682548,-18.85542461,8.00E-03,2.72310711,-353.3815434,1
0.209215319,-48.17737376,7.93E-03,2.216301288,389.2548612,1
,,,,,
,,,,,
,,,,,
,,,,,
,,,,,
,,,,,
,,,,,
,,,,,
,,,,,
,,,,,
,,,,,
,,,,,
,,,,,
,,,,,
,,,,,
,,,,,
,,,,,
,,,,,
,,,,,
,,,,,
,,,,,
,,,,,
,,,,,
,,,,,
,,,,,
,,,,,
,,,,,
,,,,,
,,,,,
,,,,,
,,,,,
,,,,,
,,,,,
,,,,,
,,,,,
,,,,,
,,,,,
,,,,,
,,,,,
,,,,,
,,,,,
,,,,,
,,,,,
,,,,,
,,,,,
,,,,,
,,,,,
,,,,,
,,,,,
,,,,,
,,,,,
,,,,,
,,,,,
,,,,,
,,,,,
,,,,,
,,,,,
,,,,,
,,,,,
,,,,,
,,,,,
,,,,,
,,,,,
,,,,,
,,,,,
,,,,,
,,,,,
,,,,,
,,,,,
,,,,,
,,,,,
,,,,,
,,,,,
,,,,,
,,,,,
,,,,,
,,,,,
,,,,,
,,,,,
,,,,,
,,,,,
,,,,,
,,,,,
,,,,,
,,,,,
,,,,,
,,,,,
,,,,,
,,,,,
,,,,,
,,,,,
,,,,,
,,,,,
,,,,,
,,,,,
,,,,,
,,,,,
,,,,,
,,,,,
,,,,,
,,,,,
,,,,,
,,,,,
,,,,,
,,,,,
,,,,,
,,,,,
,,,,,
,,,,,
,,,,,
,,,,,
,,,,,
,,,,,
,,,,,
,,,,,
,,,,,
,,,,,
,,,,,
,,,,,
,,,,,
,,,,,
,,,,,
,,,,,
,,,,,
,,,,,
,,,,,
,,,,,
,,,,,
,,,,,
,,,,,
,,,,,
,,,,,
,,,,,
,,,,,
,,,,,
,,,,,
